Workbook

Sheet Лист1
A1: ФИО | B1: Бумага А4 | C1: Салфетки для ноутбука | D1: Скрепки (большие) | E1: Скрепки (маленькие) | F1: Стикеры самоклеющиеся большие | G1: Стикеры самоклеющиеся маленькие | H1: Блокнот | I1: Файлы | J1: Калькулятор | K1: Степлер | L1: Скобы для степлера | M1: Папка для документов | N1: Карандаши | O1: Ластик | P1: Синие ручки | Q1: Клей канцелярский с аппликатором | R1: Ножницы канцелярские | S1: Текстмаркеры | T1: Скотч | U1: Органайзер для ручек | V1: Линейка | W1: Корректор | X1: прочее
A2: ИТОГО | B2: =SUM(B3:B109) -> 0 | C2: =SUM(C3:C109) -> 2 | D2: =SUM(D3:D109) -> 0 | E2: =SUM(E3:E109) -> 0 | F2: =SUM(F3:F109) -> 1 | G2: =SUM(G3:G109) -> 0 | H2: =SUM(H3:H109) -> 0 | I2: =SUM(I3:I109) -> 0 | ... W2: =SUM(W3:W109) -> 0
A3: Садриев Данис
A4: Смирнова Александра | C4: 1 | R4: 1
A5: Шалаумова Елена | C5: 1 | F5: 1 | S5: 1
A6: Попов Алексей
A7: Саляхутдинова Анастасия
A8: Большаков Игорь
A9: Васильева Алина
A10: Демиснов Алексей
A11: Карманов Артем
A12: Смелов Владислав
A13: Котов Александр

Sheet Лист2
A2: ФИО | B2: Бумага А4 | C2: Салфетки для ноутбука | D2: Скрепки (большие) | E2: Скрепки (маленькие) | F2: Стикеры самоклеющиеся большие | G2: Стикеры самоклеющиеся маленькие | H2: Блокнот | I2: Файлы | J2: Калькулятор | K2: Степлер | L2: Скобы для степлера | M2: Папка для документов | N2: Карандаши | O2: Ластик | P2: Синие ручки | Q2: Клей канцелярский с аппликатором | R2: Ножницы канцелярские | S2: Текстмаркеры | T2: Скотч | U2: Органайзер для ручек | V2: Линейка | W2: Корректор
A3: =IF(Лист1!#REF!=0," ",Лист1!#REF!) -> #REF! | B3: =IF(Лист1!#REF!=0," ",Лист1!#REF!) -> #REF! | C3: =IF(Лист1!#REF!=0," ",Лист1!#REF!) -> #REF! | D3: =IF(Лист1!#REF!=0," ",Лист1!#REF!) -> #REF! | E3: =IF(Лист1!#REF!=0," ",Лист1!#REF!) -> #REF! | F3: =IF(Лист1!#REF!=0," ",Лист1!#REF!) -> #REF! | G3: =IF(Лист1!#REF!=0," ",Лист1!#REF!) -> #REF! | H3: =IF(Лист1!#REF!=0," ",Лист1!#REF!) -> #REF! | ... W3: =IF(Лист1!#REF!=0," ",Лист1!#REF!) -> #REF!
A4: =IF(Лист1!#REF!=0," ",Лист1!#REF!) -> #REF! | B4: =IF(Лист1!#REF!=0," ",Лист1!#REF!) -> #REF! | C4: =IF(Лист1!#REF!=0," ",Лист1!#REF!) -> #REF! | D4: =IF(Лист1!#REF!=0," ",Лист1!#REF!) -> #REF! | E4: =IF(Лист1!#REF!=0," ",Лист1!#REF!) -> #REF! | F4: =IF(Лист1!#REF!=0," ",Лист1!#REF!) -> #REF! | G4: =IF(Лист1!#REF!=0," ",Лист1!#REF!) -> #REF! | H4: =IF(Лист1!#REF!=0," ",Лист1!#REF!) -> #REF! | ... W4: =IF(Лист1!#REF!=0," ",Лист1!#REF!) -> #REF!
A5: =IF(Лист1!#REF!=0," ",Лист1!#REF!) -> #REF! | B5: =IF(Лист1!#REF!=0," ",Лист1!#REF!) -> #REF! | C5: =IF(Лист1!#REF!=0," ",Лист1!#REF!) -> #REF! | D5: =IF(Лист1!#REF!=0," ",Лист1!#REF!) -> #REF! | E5: =IF(Лист1!#REF!=0," ",Лист1!#REF!) -> #REF! | F5: =IF(Лист1!#REF!=0," ",Лист1!#REF!) -> #REF! | G5: =IF(Лист1!#REF!=0," ",Лист1!#REF!) -> #REF! | H5: =IF(Лист1!#REF!=0," ",Лист1!#REF!) -> #REF! | ... W5: =IF(Лист1!#REF!=0," ",Лист1!#REF!) -> #REF!
A6: =IF(Лист1!#REF!=0," ",Лист1!#REF!) -> #REF! | B6: =IF(Лист1!#REF!=0," ",Лист1!#REF!) -> #REF! | C6: =IF(Лист1!#REF!=0," ",Лист1!#REF!) -> #REF! | D6: =IF(Лист1!#REF!=0," ",Лист1!#REF!) -> #REF! | E6: =IF(Лист1!#REF!=0," ",Лист1!#REF!) -> #REF! | F6: =IF(Лист1!#REF!=0," ",Лист1!#REF!) -> #REF! | G6: =IF(Лист1!#REF!=0," ",Лист1!#REF!) -> #REF! | H6: =IF(Лист1!#REF!=0," ",Лист1!#REF!) -> #REF! | ... W6: =IF(Лист1!#REF!=0," ",Лист1!#REF!) -> #REF!
A7: =IF(Лист1!#REF!=0," ",Лист1!#REF!) -> #REF! | B7: =IF(Лист1!#REF!=0," ",Лист1!#REF!) -> #REF! | C7: =IF(Лист1!#REF!=0," ",Лист1!#REF!) -> #REF! | D7: =IF(Лист1!#REF!=0," ",Лист1!#REF!) -> #REF! | E7: =IF(Лист1!#REF!=0," ",Лист1!#REF!) -> #REF! | F7: =IF(Лист1!#REF!=0," ",Лист1!#REF!) -> #REF! | G7: =IF(Лист1!#REF!=0," ",Лист1!#REF!) -> #REF! | H7: =IF(Лист1!#REF!=0," ",Лист1!#REF!) -> #REF! | ... W7: =IF(Лист1!#REF!=0," ",Лист1!#REF!) -> #REF!
A8: =IF(Лист1!#REF!=0," ",Лист1!#REF!) -> #REF! | B8: =IF(Лист1!#REF!=0," ",Лист1!#REF!) -> #REF! | C8: =IF(Лист1!#REF!=0," ",Лист1!#REF!) -> #REF! | D8: =IF(Лист1!#REF!=0," ",Лист1!#REF!) -> #REF! | E8: =IF(Лист1!#REF!=0," ",Лист1!#REF!) -> #REF! | F8: =IF(Лист1!#REF!=0," ",Лист1!#REF!) -> #REF! | G8: =IF(Лист1!#REF!=0," ",Лист1!#REF!) -> #REF! | H8: =IF(Лист1!#REF!=0," ",Лист1!#REF!) -> #REF! | ... W8: =IF(Лист1!#REF!=0," ",Лист1!#REF!) -> #REF!
A9: =IF(Лист1!#REF!=0," ",Лист1!#REF!) -> #REF! | B9: =IF(Лист1!#REF!=0," ",Лист1!#REF!) -> #REF! | C9: =IF(Лист1!#REF!=0," ",Лист1!#REF!) -> #REF! | D9: =IF(Лист1!#REF!=0," ",Лист1!#REF!) -> #REF! | E9: =IF(Лист1!#REF!=0," ",Лист1!#REF!) -> #REF! | F9: =IF(Лист1!#REF!=0," ",Лист1!#REF!) -> #REF! | G9: =IF(Лист1!#REF!=0," ",Лист1!#REF!) -> #REF! | H9: =IF(Лист1!#REF!=0," ",Лист1!#REF!) -> #REF! | ... W9: =IF(Лист1!#REF!=0," ",Лист1!#REF!) -> #REF!
A10: =IF(Лист1!#REF!=0," ",Лист1!#REF!) -> #REF! | B10: =IF(Лист1!#REF!=0," ",Лист1!#REF!) -> #REF! | C10: =IF(Лист1!#REF!=0," ",Лист1!#REF!) -> #REF! | D10: =IF(Лист1!#REF!=0," ",Лист1!#REF!) -> #REF! | E10: =IF(Лист1!#REF!=0," ",Лист1!#REF!) -> #REF! | F10: =IF(Лист1!#REF!=0," ",Лист1!#REF!) -> #REF! | G10: =IF(Лист1!#REF!=0," ",Лист1!#REF!) -> #REF! | H10: =IF(Лист1!#REF!=0," ",Лист1!#REF!) -> #REF! | ... W10: =IF(Лист1!#REF!=0," ",Лист1!#REF!) -> #REF!
A11: =IF(Лист1!#REF!=0," ",Лист1!#REF!) -> #REF! | B11: =IF(Лист1!#REF!=0," ",Лист1!#REF!) -> #REF! | C11: =IF(Лист1!#REF!=0," ",Лист1!#REF!) -> #REF! | D11: =IF(Лист1!#REF!=0," ",Лист1!#REF!) -> #REF! | E11: =IF(Лист1!#REF!=0," ",Лист1!#REF!) -> #REF! | F11: =IF(Лист1!#REF!=0," ",Лист1!#REF!) -> #REF! | G11: =IF(Лист1!#REF!=0," ",Лист1!#REF!) -> #REF! | H11: =IF(Лист1!#REF!=0," ",Лист1!#REF!) -> #REF! | ... W11: =IF(Лист1!#REF!=0," ",Лист1!#REF!) -> #REF!
A12: =IF(Лист1!#REF!=0," ",Лист1!#REF!) -> #REF! | B12: =IF(Лист1!#REF!=0," ",Лист1!#REF!) -> #REF! | C12: =IF(Лист1!#REF!=0," ",Лист1!#REF!) -> #REF! | D12: =IF(Лист1!#REF!=0," ",Лист1!#REF!) -> #REF! | E12: =IF(Лист1!#REF!=0," ",Лист1!#REF!) -> #REF! | F12: =IF(Лист1!#REF!=0," ",Лист1!#REF!) -> #REF! | G12: =IF(Лист1!#REF!=0," ",Лист1!#REF!) -> #REF! | H12: =IF(Лист1!#REF!=0," ",Лист1!#REF!) -> #REF! | ... W12: =IF(Лист1!#REF!=0," ",Лист1!#REF!) -> #REF!
A13: =IF(Лист1!#REF!=0," ",Лист1!#REF!) -> #REF! | B13: =IF(Лист1!#REF!=0," ",Лист1!#REF!) -> #REF! | C13: =IF(Лист1!#REF!=0," ",Лист1!#REF!) -> #REF! | D13: =IF(Лист1!#REF!=0," ",Лист1!#REF!) -> #REF! | E13: =IF(Лист1!#REF!=0," ",Лист1!#REF!) -> #REF! | F13: =IF(Лист1!#REF!=0," ",Лист1!#REF!) -> #REF! | G13: =IF(Лист1!#REF!=0," ",Лист1!#REF!) -> #REF! | H13: =IF(Лист1!#REF!=0," ",Лист1!#REF!) -> #REF! | ... W13: =IF(Лист1!#REF!=0," ",Лист1!#REF!) -> #REF!
A14: =IF(Лист1!#REF!=0," ",Лист1!#REF!) -> #REF! | B14: =IF(Лист1!#REF!=0," ",Лист1!#REF!) -> #REF! | C14: =IF(Лист1!#REF!=0," ",Лист1!#REF!) -> #REF! | D14: =IF(Лист1!#REF!=0," ",Лист1!#REF!) -> #REF! | E14: =IF(Лист1!#REF!=0," ",Лист1!#REF!) -> #REF! | F14: =IF(Лист1!#REF!=0," ",Лист1!#REF!) -> #REF! | G14: =IF(Лист1!#REF!=0," ",Лист1!#REF!) -> #REF! | H14: =IF(Лист1!#REF!=0," ",Лист1!#REF!) -> #REF! | ... W14: =IF(Лист1!#REF!=0," ",Лист1!#REF!) -> #REF!
... A39: =IF(Лист1!#REF!=0," ",Лист1!#REF!) -> #REF! | B39: =IF(Лист1!#REF!=0," ",Лист1!#REF!) -> #REF! | C39: =IF(Лист1!#REF!=0," ",Лист1!#REF!) -> #REF! | D39: =IF(Лист1!#REF!=0," ",Лист1!#REF!) -> #REF! | E39: =IF(Лист1!#REF!=0," ",Лист1!#REF!) -> #REF! | F39: =IF(Лист1!#REF!=0," ",Лист1!#REF!) -> #REF! | G39: =IF(Лист1!#REF!=0," ",Лист1!#REF!) -> #REF! | H39: =IF(Лист1!#REF!=0," ",Лист1!#REF!) -> #REF! | ... W39: =IF(Лист1!#REF!=0," ",Лист1!#REF!) -> #REF!
A40: =IF(Лист1!A3=0," ",Лист1!A3) -> Садриев Данис | C40: =IF(Лист1!C3=0," ",Лист1!C3) | D40: =IF(Лист1!D3=0," ",Лист1!D3) | E40: =IF(Лист1!E3=0," ",Лист1!E3) | F40: =IF(Лист1!F3=0," ",Лист1!F3) | G40: =IF(Лист1!G3=0," ",Лист1!G3) | H40: =IF(Лист1!H3=0," ",Лист1!H3) | I40: =IF(Лист1!I3=0," ",Лист1!I3) | J40: =IF(Лист1!J3=0," ",Лист1!J3) | ... W40: =IF(Лист1!W3=0," ",Лист1!W3)
A41: =IF(Лист1!A4=0," ",Лист1!A4) -> Смирнова Александра | B41: =IF(Лист1!B4=0," ",Лист1!B4) | C41: =IF(Лист1!C4=0," ",Лист1!C4) -> 1 | D41: =IF(Лист1!D4=0," ",Лист1!D4) | E41: =IF(Лист1!E4=0," ",Лист1!E4) | F41: =IF(Лист1!F4=0," ",Лист1!F4) | G41: =IF(Лист1!G4=0," ",Лист1!G4) | H41: =IF(Лист1!H4=0," ",Лист1!H4) | ... W41: =IF(Лист1!W4=0," ",Лист1!W4)
A42: =IF(Лист1!A5=0," ",Лист1!A5) -> Шалаумова Елена | B42: =IF(Лист1!B5=0," ",Лист1!B5) | C42: =IF(Лист1!C5=0," ",Лист1!C5) -> 1 | D42: =IF(Лист1!D5=0," ",Лист1!D5) | E42: =IF(Лист1!E5=0," ",Лист1!E5) | F42: =IF(Лист1!F5=0," ",Лист1!F5) -> 1 | G42: =IF(Лист1!G5=0," ",Лист1!G5) | H42: =IF(Лист1!H5=0," ",Лист1!H5) | ... W42: =IF(Лист1!W5=0," ",Лист1!W5)
A43: =IF(Лист1!#REF!=0," ",Лист1!#REF!) -> #REF! | B43: =IF(Лист1!#REF!=0," ",Лист1!#REF!) -> #REF! | C43: =IF(Лист1!#REF!=0," ",Лист1!#REF!) -> #REF! | D43: =IF(Лист1!#REF!=0," ",Лист1!#REF!) -> #REF! | E43: =IF(Лист1!#REF!=0," ",Лист1!#REF!) -> #REF! | F43: =IF(Лист1!#REF!=0," ",Лист1!#REF!) -> #REF! | G43: =IF(Лист1!#REF!=0," ",Лист1!#REF!) -> #REF! | H43: =IF(Лист1!#REF!=0," ",Лист1!#REF!) -> #REF! | ... W43: =IF(Лист1!#REF!=0," ",Лист1!#REF!) -> #REF!
A44: =IF(Лист1!#REF!=0," ",Лист1!#REF!) -> #REF! | B44: =IF(Лист1!#REF!=0," ",Лист1!#REF!) -> #REF! | C44: =IF(Лист1!#REF!=0," ",Лист1!#REF!) -> #REF! | D44: =IF(Лист1!#REF!=0," ",Лист1!#REF!) -> #REF! | E44: =IF(Лист1!#REF!=0," ",Лист1!#REF!) -> #REF! | F44: =IF(Лист1!#REF!=0," ",Лист1!#REF!) -> #REF! | G44: =IF(Лист1!#REF!=0," ",Лист1!#REF!) -> #REF! | H44: =IF(Лист1!#REF!=0," ",Лист1!#REF!) -> #REF! | ... W44: =IF(Лист1!#REF!=0," ",Лист1!#REF!) -> #REF!
A45: =IF(Лист1!#REF!=0," ",Лист1!#REF!) -> #REF! | B45: =IF(Лист1!#REF!=0," ",Лист1!#REF!) -> #REF! | C45: =IF(Лист1!#REF!=0," ",Лист1!#REF!) -> #REF! | D45: =IF(Лист1!#REF!=0," ",Лист1!#REF!) -> #REF! | E45: =IF(Лист1!#REF!=0," ",Лист1!#REF!) -> #REF! | F45: =IF(Лист1!#REF!=0," ",Лист1!#REF!) -> #REF! | G45: =IF(Лист1!#REF!=0," ",Лист1!#REF!) -> #REF! | H45: =IF(Лист1!#REF!=0," ",Лист1!#REF!) -> #REF! | ... W45: =IF(Лист1!#REF!=0," ",Лист1!#REF!) -> #REF!
A46: =IF(Лист1!A6=0," ",Лист1!A6) -> Попов Алексей | B46: =IF(Лист1!B6=0," ",Лист1!B6) | C46: =IF(Лист1!C6=0," ",Лист1!C6) | D46: =IF(Лист1!D6=0," ",Лист1!D6) | E46: =IF(Лист1!E6=0," ",Лист1!E6) | F46: =IF(Лист1!F6=0," ",Лист1!F6) | G46: =IF(Лист1!G6=0," ",Лист1!G6) | H46: =IF(Лист1!H6=0," ",Лист1!H6) | ... W46: =IF(Лист1!W6=0," ",Лист1!W6)
A47: =IF(Лист1!A7=0," ",Лист1!A7) -> Саляхутдинова Анастасия | B47: =IF(Лист1!B7=0," ",Лист1!B7) | C47: =IF(Лист1!C7=0," ",Лист1!C7) | D47: =IF(Лист1!D7=0," ",Лист1!D7) | E47: =IF(Лист1!E7=0," ",Лист1!E7) | F47: =IF(Лист1!F7=0," ",Лист1!F7) | G47: =IF(Лист1!G7=0," ",Лист1!G7) | H47: =IF(Лист1!H7=0," ",Лист1!H7) | ... W47: =IF(Лист1!W7=0," ",Лист1!W7)
A48: =IF(Лист1!A8=0," ",Лист1!A8) -> Большаков Игорь | B48: =IF(Лист1!B8=0," ",Лист1!B8) | C48: =IF(Лист1!C8=0," ",Лист1!C8) | D48: =IF(Лист1!D8=0," ",Лист1!D8) | E48: =IF(Лист1!E8=0," ",Лист1!E8) | F48: =IF(Лист1!F8=0," ",Лист1!F8) | G48: =IF(Лист1!G8=0," ",Лист1!G8) | H48: =IF(Лист1!H8=0," ",Лист1!H8) | ... W48: =IF(Лист1!W8=0," ",Лист1!W8)
A49: =IF(Лист1!A9=0," ",Лист1!A9) -> Васильева Алина | B49: =IF(Лист1!B9=0," ",Лист1!B9) | C49: =IF(Лист1!C9=0," ",Лист1!C9) | D49: =IF(Лист1!D9=0," ",Лист1!D9) | E49: =IF(Лист1!E9=0," ",Лист1!E9) | F49: =IF(Лист1!F9=0," ",Лист1!F9) | G49: =IF(Лист1!G9=0," ",Лист1!G9) | H49: =IF(Лист1!H9=0," ",Лист1!H9) | ... W49: =IF(Лист1!W9=0," ",Лист1!W9)
A50: =IF(Лист1!A10=0," ",Лист1!A10) -> Демиснов Алексей | B50: =IF(Лист1!B10=0," ",Лист1!B10) | C50: =IF(Лист1!C10=0," ",Лист1!C10) | D50: =IF(Лист1!D10=0," ",Лист1!D10) | E50: =IF(Лист1!E10=0," ",Лист1!E10) | F50: =IF(Лист1!F10=0," ",Лист1!F10) | G50: =IF(Лист1!G10=0," ",Лист1!G10) | H50: =IF(Лист1!H10=0," ",Лист1!H10) | ... W50: =IF(Лист1!W10=0," ",Лист1!W10)
B51: =SUBTOTAL(102,Таблица2[[ Бумага А4 ]]) -> 0 | C51: =SUBTOTAL(102,Таблица2[[Салфетки для ноутбука ]]) -> 2 | D51: =SUBTOTAL(102,Таблица2[Скрепки (большие)]) -> 0 | E51: =SUBTOTAL(102,Таблица2[Скрепки (маленькие)]) -> 0 | F51: =SUBTOTAL(102,Таблица2[[Стикеры самоклеющиеся большие ]]) -> 1 | G51: =SUBTOTAL(102,Таблица2[[Стикеры самоклеющиеся маленькие ]]) -> 0 | H51: =SUBTOTAL(102,Таблица2[[Блокнот ]]) -> 0 | I51: =SUBTOTAL(102,Таблица2[[Файлы ]]) -> 0 | J51: =SUBTOTAL(102,Таблица2[Калькулятор]) -> 0 | K51: =SUBTOTAL(102,Таблица2[[Степлер ]]) -> 0 | L51: =SUBTOTAL(102,Таблица2[[Скобы для степлера ]]) -> 0 | M51: =SUBTOTAL(102,Таблица2[[Папка для документов ]]) -> 0 | N51: =SUBTOTAL(102,Таблица2[Карандаши]) -> 0 | O51: =SUBTOTAL(102,Таблица2[Ластик]) -> 0 | P51: =SUBTOTAL(102,Таблица2[[Синие ручки ]]) -> 0 | Q51: =SUBTOTAL(102,Таблица2[[Клей канцелярский с аппликатором ]]) -> 0 | R51: =SUBTOTAL(102,Таблица2[[Ножницы канцелярские ]]) -> 1 | S51: =SUBTOTAL(102,Таблица2[Текстмаркеры]) -> 1 | T51: =SUBTOTAL(102,Таблица2[Скотч]) -> 0 | U51: =SUBTOTAL(102,Таблица2[[Органайзер для ручек ]]) -> 0 | V51: =SUBTOTAL(102,Таблица2[Линейка]) -> 0 | W51: =SUBTOTAL(102,Таблица2[[Корректор ]]) -> 0
